<?xml version="1.0" encoding="UTF-8"?>
<project-private xmlns="http://www.netbeans.org/ns/project-private/1">
    <editor-bookmarks xmlns="http://www.netbeans.org/ns/editor-bookmarks/2" lastBookmarkId="0"/>
    <open-files xmlns="http://www.netbeans.org/ns/projectui-open-files/2">
        <group>
            <file>file:/C:/Users/blaze/Desktop/COE%20628/lab9/lab9/src/lab9/Lab9.java</file>
            <file>file:/C:/Users/blaze/Desktop/COE%20628/lab9/lab9/src/lab9/Philosopher.java</file>
            <file>file:/C:/Users/blaze/Desktop/COE%20628/lab9/lab9/src/lab9/Fork.java</file>
        </group>
    </open-files>
</project-private>
